scenario_id,company,industry,pain_point,score,latency_ms,model,prompt,email
1,Stripe,SaaS / Tech,Improving user acquisition and onboarding,100,547.65,llama-3.1-8b-instant,"Write a short cold outreach email.

Company: Stripe
Industry: SaaS / Tech
Score: 100/100
Tone: direct and high-confidence
Pain point: Improving user acquisition and onboarding

Rules:
- under 120 words
- personalized look
- no spammy language","Subject: Boost User Acquisition and Onboarding with Stripe

Dear [Decision Maker's Name],

As a [Your Company Title] at [Your Company Name], I've been impressed by Stripe's cutting-edge solutions and seamless payment processing. Our own growth strategy is focused on efficient user acquisition and streamlined onboarding. I believe our expertise would align closely with Stripe's mission and help drive results.

Would you be available for a 15-minute call to discuss potential collaborations and explore ways to optimize user acquisition and reduce onboarding friction for your customers?

Best regards,
[Your Name]"
2,Notion,Fintech,Reducing churn during the first 30 days,100,380.86,llama-3.1-8b-instant,"Write a short cold outreach email.

Company: Notion
Industry: Fintech
Score: 100/100
Tone: direct and high-confidence
Pain point: Reducing churn during the first 30 days

Rules:
- under 120 words
- personalized look
- no spammy language","Here's a short cold outreach email:

Subject: Boosting Retention Rates for Notion

Hi [Recipient's Name],

As someone who has worked closely with Notion, I've identified a critical area for improvement: reducing churn during the first 30 days. Our data analysis shows that a well-executed onboarding process can lead to a significant decrease in customer dissatisfaction. I'd like to discuss how we can implement strategies to improve customer onboarding, setting Notion up for long-term success.

Would you be open to a brief call to explore this opportunity further?

Best regards,
[Your Name]"
3,Shopify,E-commerce Software,Driving more product-qualified leads,100,453.57,llama-3.1-8b-instant,"Write a short cold outreach email.

Company: Shopify
Industry: E-commerce Software
Score: 100/100
Tone: direct and high-confidence
Pain point: Driving more product-qualified leads

Rules:
- under 120 words
- personalized look
- no spammy language","Subject: Unlock High-Quality Leads for Your Business

Dear [Recipient's Name],

As a [Job Title/Founder] at [Company Name], you likely understand the importance of high-quality leads in driving growth. At Shopify, we've seen firsthand the impact of effective lead generation on e-commerce success. Our software solutions are designed to help businesses like yours streamline their online presence and reach more customers.

We believe our services can help you generate more product-qualified leads, saving you time and resources. I'd love to discuss how our e-commerce solutions can address this specific pain point for your business. Would you be open to a call next week?

Best,
[Your Name]
Shopify Team"
4,Figma,Developer Tools,Increasing demo-to-trial conversion,60,563.63,llama-3.1-8b-instant,"Write a short cold outreach email.

Company: Figma
Industry: Developer Tools
Score: 60/100
Tone: friendly and value-focused
Pain point: Increasing demo-to-trial conversion

Rules:
- under 120 words
- personalized look
- no spammy language","Subject: Boost Your Demo-to-Trial Conversion with Figma's Expertise

Hi [Recipient's Name],

I've been following [Company Name], and I'm impressed by the innovative work you're doing in the [industry/field]. I wanted to reach out because at Figma, we've worked with numerous companies like yours to increase their demo-to-trial conversion rate.

Our expert team can help you streamline your demo process, showcase your product's value, and drive more trials. We've seen up to [X]% increase in trial rates for our clients.

Would you like to explore how we can help? Let's discuss the next steps.

Best regards,
[Your Name]
Figma"
5,Airtable,HR Tech,Improving activation for self-serve users,80,434.2,llama-3.1-8b-instant,"Write a short cold outreach email.

Company: Airtable
Industry: HR Tech
Score: 80/100
Tone: direct and high-confidence
Pain point: Improving activation for self-serve users

Rules:
- under 120 words
- personalized look
- no spammy language","Subject: Unlock Your Airtable Potential

Hi Team at [Company Name],

I came across [Company Name] while researching innovative companies leveraging HR tech to drive business outcomes. As an Airtable consultant specializing in user activation, I noticed that your self-serve user adoption seems to be hindered by [optional: e.g., lengthy setup times, lack of custom workflows].

I've helped numerous organizations optimize their Airtable setup, significantly increasing user engagement and ROI. I'd love to discuss potential strategies to boost your self-serve user activation rates and maximize Airtable's value for your business.

Would you be available for a brief call to explore this further?

Best regards,
[Your Name] | Airtable Consultant"
6,Miro,Health Tech,Scaling outbound personalization without manual research,80,462.7,llama-3.1-8b-instant,"Write a short cold outreach email.

Company: Miro
Industry: Health Tech
Score: 80/100
Tone: direct and high-confidence
Pain point: Scaling outbound personalization without manual research

Rules:
- under 120 words
- personalized look
- no spammy language","Subject: Unlock Personalized Outreach at Scale with Miro

Hi [Decision Maker's Name],

As a [Health Tech] leader, you understand the importance of personalized outreach in building meaningful relationships with customers. With Miro, you can achieve this at scale without manual research, freeing up your team to focus on strategic growth.

Our platform empowers you to create tailored experiences, enhance customer insights, and streamline workflows. We've already driven significant results for similar healthcare companies. I'd love to explore how Miro can do the same for you.

Would you be open to a brief discussion?

Best regards,
[Your Name]"
7,Webflow,EdTech,Shortening sales cycles for mid-market prospects,80,598.78,llama-3.1-8b-instant,"Write a short cold outreach email.

Company: Webflow
Industry: EdTech
Score: 80/100
Tone: direct and high-confidence
Pain point: Shortening sales cycles for mid-market prospects

Rules:
- under 120 words
- personalized look
- no spammy language","Subject: Boost Sales Velocity for Mid-Market EdTech Prospects

Dear [Prospect's Name],

I've been researching Webflow's sales enablement capabilities, and I'm impressed with the platform's potential to drive growth. However, I've spoken to several mid-market EdTech companies like yours and found a common challenge: shortening sales cycles without sacrificing conversion quality.

Our research suggests that Webflow can help streamline content creation, automate lead routing, and personalize the customer experience – key factors in accelerating sales momentum.

Would you be open to a conversation on how to optimize sales velocity for your mid-market prospects? I'd love to explore the possibilities.

Best regards,
[Your Name]

(P.S. You can respond to this email or schedule a call via [Your Calendar Link])"
8,Rippling,Cybersecurity,Improving retention for new enterprise accounts,60,455.53,llama-3.1-8b-instant,"Write a short cold outreach email.

Company: Rippling
Industry: Cybersecurity
Score: 60/100
Tone: friendly and value-focused
Pain point: Improving retention for new enterprise accounts

Rules:
- under 120 words
- personalized look
- no spammy language","Subject: Boosting Account Retention in Enterprise Cybersecurity

Hi [Recipient's Name],

I came across Rippling and was impressed by your cutting-edge approach to enterprise cybersecurity. As someone who's been in the industry for a while, I'm guessing you understand the importance of keeping clients from churning.

Our solution, [Your Company's Name], has successfully helped similar companies reduce their retention rates by [specific percentage]. We'd love to discuss how our expertise can help you achieve similar results and ensure your new enterprise accounts stick around.

Would you be open to a quick call to explore further?

Best regards,
[Your Name]"
9,Zapier,Marketing Tech,Increasing expansion revenue from existing customers,80,446.85,llama-3.1-8b-instant,"Write a short cold outreach email.

Company: Zapier
Industry: Marketing Tech
Score: 80/100
Tone: direct and high-confidence
Pain point: Increasing expansion revenue from existing customers

Rules:
- under 120 words
- personalized look
- no spammy language","Subject: Unlock New Revenue with Zapier's Customer Expansion Strategy

Hi [First Name],

As a Zapier customer, your company has already seen the value of automating workflows. I'm reaching out because I believe we can help you tap into a significant new revenue stream: expansion sales.

Our data shows that customers who are using Zapier to boost their productivity are 3x more likely to be interested in purchasing additional products and services from the same vendor. I'd love to discuss how we can help you identify and pursue these opportunities within your existing customer base.

Would you be open to a quick call to explore this further?

Best,
[Your Name]"
10,Clerk,Productivity Software,Re-engaging dormant trial users,80,589.25,llama-3.1-8b-instant,"Write a short cold outreach email.

Company: Clerk
Industry: Productivity Software
Score: 80/100
Tone: direct and high-confidence
Pain point: Re-engaging dormant trial users

Rules:
- under 120 words
- personalized look
- no spammy language","Subject: Reinvigorating Your Productivity with Clerk

Dear [Name],

As your [Company Name] trial comes to an end, we wanted to check in and understand what kept you from adopting Clerk as your go-to productivity solution. We believe that our cutting-edge features and seamless workflows can drive significant efficiency gains in your team's operations.

Our data suggests that users who try Clerk for a short period are often surprised by the value it brings. We'd love to give you a fresh perspective and show you how Clerk can elevate your productivity.

Let's schedule a briefing to explore how you can get the most out of Clerk - simply reply to this email or schedule a call using this link: [Schedule Link].

Looking forward to reconnecting.

Best,
[Your Name]
Clerk Team"
11,Vercel,SaaS / Tech,Improving user acquisition and onboarding,80,479.58,llama-3.1-8b-instant,"Write a short cold outreach email.

Company: Vercel
Industry: SaaS / Tech
Score: 80/100
Tone: direct and high-confidence
Pain point: Improving user acquisition and onboarding

Rules:
- under 120 words
- personalized look
- no spammy language","Subject: Boost User Acquisition with Vercel's Expertise

Dear [Recipient],

I came across [Recipient's Company Name] and was impressed by your innovative approach to [specific area of their business]. As a Vercel expert, I believe our platform can significantly improve your user acquisition and onboarding processes, leading to increased conversions.

Our customers see an average 30% boost in user engagement within the first 30 days. I'd love to discuss how Vercel can help you achieve similar results. If you're interested, I'd be happy to schedule a call to explore further.

Best regards,
[Your Name]
Vercel Specialist
[Your Email]
[Your Phone Number]"
12,Linear,Fintech,Reducing churn during the first 30 days,80,684.82,llama-3.1-8b-instant,"Write a short cold outreach email.

Company: Linear
Industry: Fintech
Score: 80/100
Tone: direct and high-confidence
Pain point: Reducing churn during the first 30 days

Rules:
- under 120 words
- personalized look
- no spammy language","Subject: Optimizing Customer Onboarding @ [Company]

Hi [Decision Maker's Name],

I came across Linear and I was impressed by your efforts in disrupting the fintech landscape. However, reducing churn during the first 30 days can be a complex challenge. As an expert in customer success, I've helped similar companies improve onboarding experiences, achieving significant reductions in early drop-off rates.

I'd love to discuss our strategy and explore ways to enhance Linear's growth trajectory. If you're open to it, let's set up a call to explore the opportunities together.

Best regards,
[Your Name]"
13,Canva,E-commerce Software,Driving more product-qualified leads,80,422.56,llama-3.1-8b-instant,"Write a short cold outreach email.

Company: Canva
Industry: E-commerce Software
Score: 80/100
Tone: direct and high-confidence
Pain point: Driving more product-qualified leads

Rules:
- under 120 words
- personalized look
- no spammy language","Subject: Unlock Your Full Potential with Canva

Hi [Recipient's Name],

As an [Industry] professional, you understand the importance of visual representation in product marketing. At Canva, we've helped countless businesses just like yours to streamline their design and drive more sales.

With our e-commerce software, you can effortlessly create engaging product demos, 3D visualizations, and lifestyle content that resonates with your audience. Our tools are designed to automate the design process, so you can focus on what matters most - growth.

I'd love to discuss how Canva can help you drive more product-qualified leads. Are you available for a quick call next [Week/Month]?

Best regards,
[Your Name]
Canva Sales Team"
14,Brex,Developer Tools,Increasing demo-to-trial conversion,60,382.45,llama-3.1-8b-instant,"Write a short cold outreach email.

Company: Brex
Industry: Developer Tools
Score: 60/100
Tone: friendly and value-focused
Pain point: Increasing demo-to-trial conversion

Rules:
- under 120 words
- personalized look
- no spammy language","Subject: Boost Your Demo-to-Trial Conversions with Brex

Hi [First Name],

I came across [Company Name] and was impressed with the innovative work you're doing in the developer tools space. As you continue to grow, converting demos to trials is likely a key challenge.

At Brex, our platform is designed to streamline this process for companies like yours. By using our seamless onboarding and personalized support, you can significantly boost your demo-to-trial conversions and drive more revenue.

Would you like to learn more about how Brex can help? I'd be happy to schedule a quick call to discuss.

Best, [Your Name]"
15,Asana,HR Tech,Improving activation for self-serve users,80,433.9,llama-3.1-8b-instant,"Write a short cold outreach email.

Company: Asana
Industry: HR Tech
Score: 80/100
Tone: direct and high-confidence
Pain point: Improving activation for self-serve users

Rules:
- under 120 words
- personalized look
- no spammy language","Subject: Boost Self-Serve Adoption with Asana's Data-Driven Approach

Hi [Recipient's Name],

As a valued member of the HR community, I noticed that [Company Name] is leveraging various HR tools to optimize team productivity. I'd love to discuss how you can improve activation for self-serve users on your platform, reducing user friction and enhancing overall adoption.

With Asana's data-driven approach, we've seen clients achieve significant increases in self-serve adoption rates. Our team would be happy to share actionable insights and strategies tailored to your specific needs. Would you be open to a quick call to explore how we can support your growth goals?

Looking forward to hearing from you.

Best regards,
[Your Name]"
16,Gusto,Health Tech,Scaling outbound personalization without manual research,80,452.09,llama-3.1-8b-instant,"Write a short cold outreach email.

Company: Gusto
Industry: Health Tech
Score: 80/100
Tone: direct and high-confidence
Pain point: Scaling outbound personalization without manual research

Rules:
- under 120 words
- personalized look
- no spammy language","Subject: Amplify Personalized Outreach at Gusto

Dear [First Name],

I am reaching out from [Your Company Name], where we've helped numerous health tech companies like yours, including [similar company, if possible, to Gusto], achieve exponential growth through data-driven outreach.

At Gusto, you've demonstrated [metric or achievement that shows Gusto is growing]. To maintain this momentum, we believe you need to scale your outbound efforts with precision. Our technology streamlines personalized research, allowing you to focus on higher-value activities.

Let's discuss how [Your Company Name] can help Gusto amplify its outreach and stay ahead in the competitive health tech landscape. I'd love to schedule a call to explore opportunities.

Best regards,
[Your Name]"
17,Snyk,EdTech,Shortening sales cycles for mid-market prospects,80,413.59,llama-3.1-8b-instant,"Write a short cold outreach email.

Company: Snyk
Industry: EdTech
Score: 80/100
Tone: direct and high-confidence
Pain point: Shortening sales cycles for mid-market prospects

Rules:
- under 120 words
- personalized look
- no spammy language","Subject: Accelerate Mid-Market Sales with Proven Methods

Hi [Decision Maker's Name],

I'm reaching out on behalf of Snyk, as a 80/100 scored contact, after researching [Company Name]'s innovative approach to EdTech. I understand that shortening sales cycles is crucial for your success.

I'd love to schedule a call to share how Snyk's cutting-edge security solutions can help drive faster, more strategic conversations with mid-market prospects. Our clients see significant reductions in sales cycles through targeted outreach and personalized engagements.

Would you be open to a 15-minute call to explore how we can help optimize [Company Name]'s sales efforts?

Best regards,
[Your Name],
Snyk Representative"
18,Datadog,Cybersecurity,Improving retention for new enterprise accounts,60,411.16,llama-3.1-8b-instant,"Write a short cold outreach email.

Company: Datadog
Industry: Cybersecurity
Score: 60/100
Tone: friendly and value-focused
Pain point: Improving retention for new enterprise accounts

Rules:
- under 120 words
- personalized look
- no spammy language","Subject: Optimizing Your Enterprise Account Growth

Hi [Recipient's Name],

I came across Datadog and was impressed by your mission to unite observability in hybrid and multi-cloud environments. I'd love to discuss how you can improve retention for new enterprise accounts, a key challenge many companies face in this space.

Our team has experience in helping companies like yours boost customer satisfaction and increase long-term revenue. If you're interested in exploring ways to enhance your onboarding process and foster stronger relationships with your key clients, I'd be happy to set up a call to chat.

Looking forward to hearing from you.

Best regards,
[Your Name]"
19,HubSpot,Marketing Tech,Increasing expansion revenue from existing customers,80,727.82,llama-3.1-8b-instant,"Write a short cold outreach email.

Company: HubSpot
Industry: Marketing Tech
Score: 80/100
Tone: direct and high-confidence
Pain point: Increasing expansion revenue from existing customers

Rules:
- under 120 words
- personalized look
- no spammy language","Subject: Unlock 20%+ Revenue Growth by Leveraging Your Customer Base

Hi [First Name],

As a valued [Current Job Title] at [Company Name], I'm reaching out to see if I can help you drive exponential growth for your expansion revenue. At HubSpot, we've seen countless companies tap into their existing customer base to boost sales - with a 25% increase in revenue being a common outcome.

Our data analysis suggests that your company, with its current score of 80, has untapped potential waiting to be unlocked. Would you be open to discussing how our solutions can empower your team to achieve remarkable expansion revenue growth?

Looking forward to your response,

[Your Name]
HubSpot Team"
20,Intercom,Productivity Software,Re-engaging dormant trial users,80,656.7,llama-3.1-8b-instant,"Write a short cold outreach email.

Company: Intercom
Industry: Productivity Software
Score: 80/100
Tone: direct and high-confidence
Pain point: Re-engaging dormant trial users

Rules:
- under 120 words
- personalized look
- no spammy language","Subject: Boost Productivity with Intercom

Dear [First Name],

I came across [Company Name] and noticed you started a trial with Intercom on [Trial Start Date]. However, it seems like you've been inactive for a few weeks. I'd like to offer you a quick 30-minute call to discuss how our productivity software can help your team.

We've seen numerous companies like yours achieve significant results with Intercom. With our platform, you can create personalized workflows, streamline communication, and focus on the tasks that matter most.

Interested in catching up and learning more? Let me know if you're available for a call this week.

Best regards, 
[Your Name]"
21,Amplitude,SaaS / Tech,Improving user acquisition and onboarding,80,631.0,llama-3.1-8b-instant,"Write a short cold outreach email.

Company: Amplitude
Industry: SaaS / Tech
Score: 80/100
Tone: direct and high-confidence
Pain point: Improving user acquisition and onboarding

Rules:
- under 120 words
- personalized look
- no spammy language","Subject: Unlock User Growth with Amplitude's Intelligence

Dear [Recipient's Name],

I came across [Company Name] and was impressed with your innovative approach to [Specific Area of their Business]. As a fellow [Industry] enthusiast, I believe our platforms could complement each other perfectly.

At Amplitude, we specialize in providing actionable product intelligence to businesses like yours. Our platform enables data-driven decisions that improve user acquisition, onboarding, and overall growth. I'd like to set up a time to discuss how Amplitude can help you overcome challenges and reach new heights.

Would you be open to a quick call this week?

Best regards,
[Your Name] 

[Your Contact Information]

This email aims to be direct, high-confidence, and personalized, while avoiding spammy language and adhering to the 120-word limit."
22,Mixpanel,Fintech,Reducing churn during the first 30 days,80,441.96,llama-3.1-8b-instant,"Write a short cold outreach email.

Company: Mixpanel
Industry: Fintech
Score: 80/100
Tone: direct and high-confidence
Pain point: Reducing churn during the first 30 days

Rules:
- under 120 words
- personalized look
- no spammy language","Subject: Enhance Your Fintech Product's Retention

Dear [Decision Maker's Name],

I came across Mixpanel's efforts to innovate in the fintech space, and I believe we may have a solution to help address a key challenge you're likely facing: reducing churn within the first 30 days.

At [Your Company Name], our experts have developed tailored methods to optimize onboarding experiences and improve user engagement. Our data-driven approach has shown significant reductions in early-stage churn for fintech clients.

If you're interested in discussing how we can support Mixpanel's mission to drive user retention, I'd appreciate the opportunity to schedule a call.

Best regards,
[Your Name]"
23,Segment,E-commerce Software,Driving more product-qualified leads,80,450.88,llama-3.1-8b-instant,"Write a short cold outreach email.

Company: Segment
Industry: E-commerce Software
Score: 80/100
Tone: direct and high-confidence
Pain point: Driving more product-qualified leads

Rules:
- under 120 words
- personalized look
- no spammy language","Subject: Boost Product-Qualified Leads with Segment

Dear [Decision Maker's Name],

I came across Segment and was impressed with the work you're doing to unify customer data. 

However, driving product-qualified leads can be a challenge many businesses face, even with effective data unification.

Our clients have achieved a 2.5x increase in product-qualified leads by leveraging our data enrichment and analytics capabilities. We've worked with companies in the e-commerce space to help them better understand customer behavior and tailor their product offerings accordingly.

Would you be open to discussing potential opportunities to improve lead generation at Segment?

Best regards,
[Your Name]"
24,Plaid,Developer Tools,Increasing demo-to-trial conversion,60,451.8,llama-3.1-8b-instant,"Write a short cold outreach email.

Company: Plaid
Industry: Developer Tools
Score: 60/100
Tone: friendly and value-focused
Pain point: Increasing demo-to-trial conversion

Rules:
- under 120 words
- personalized look
- no spammy language","Subject: Enhance Your Demo Experience with Plaid

Hi [Recipient's Name],

I came across your company, [Company Name], and was impressed by the innovative solutions you're offering in [industry/field]. As a developer tool provider, you understand the importance of seamless integrations and efficient workflows.

At Plaid, we power a wide range of financial applications with our connected network and developer-friendly tools. We'd love to explore how our API and data normalization capabilities can streamline your demo-to-trial conversion process.

Would you be open to a brief call to discuss how we can help enhance your demo experience?

Best regards,
[Your Name]
Plaid

Note: Adjust the industry/field to match the recipient's company."
25,Mercury,HR Tech,Improving activation for self-serve users,80,506.93,llama-3.1-8b-instant,"Write a short cold outreach email.

Company: Mercury
Industry: HR Tech
Score: 80/100
Tone: direct and high-confidence
Pain point: Improving activation for self-serve users

Rules:
- under 120 words
- personalized look
- no spammy language","Subject: Unlock Faster Adoption for Your Onboarding Process

Hi [Decision-Maker's Name],

I came across Mercury and was impressed by your company's work in HR Tech. Our team at [Your Company] helps businesses boost user activation and adoption across various platforms.

From our analysis, we've identified opportunities to enhance your self-serve user experience. Our solution empowers users to onboard and adapt at their own pace, leading to higher engagement and reduced support requests.

Would you be open to a brief discussion on how our solution can support your goals? I'd be happy to share more about our approach and results we've seen in similar industries.

Looking forward to hearing from you.

Best regards,
[Your Name]"
26,Retool,Health Tech,Scaling outbound personalization without manual research,80,429.4,llama-3.1-8b-instant,"Write a short cold outreach email.

Company: Retool
Industry: Health Tech
Score: 80/100
Tone: direct and high-confidence
Pain point: Scaling outbound personalization without manual research

Rules:
- under 120 words
- personalized look
- no spammy language","Subject: Unlock Personalized Outreach at Scale with Retool

Dear [First Name],

As a [Your Job Title] at [Company], I'm sure you're no stranger to the challenges of scaling personalized outreach campaigns. I came across [Company] and saw an opportunity for Retool to help you automate manual research tasks and increase the efficiency of your sales process.

With Retool, you can build custom tools that enable your team to personalize outreach at scale, without needing to manually research each account. Our platform is designed for health tech innovators like yourself. Would you like to explore how Retool can help [Company] grow its sales?

Best regards,
[Your Name]"
27,ClickUp,EdTech,Shortening sales cycles for mid-market prospects,80,696.8,llama-3.1-8b-instant,"Write a short cold outreach email.

Company: ClickUp
Industry: EdTech
Score: 80/100
Tone: direct and high-confidence
Pain point: Shortening sales cycles for mid-market prospects

Rules:
- under 120 words
- personalized look
- no spammy language","Subject: Elevate Your Sales Efficiency with ClickUp

Dear [Recipient's Name],

I came across [Company Name] and noticed your commitment to innovation in EdTech. As someone who understands the challenges of closing deals quickly, I'd like to share how ClickUp can help you shorten your sales cycles with our sales automation platform.

Our clients have seen an average sales cycle reduction of 30% by streamlining their workflow and enhancing team collaboration. I'd love to explore how ClickUp can specifically support your sales teams and address your pain points.

Would you be open to a call to discuss further?

Best regards,
[Your Name]"
28,Monday,Cybersecurity,Improving retention for new enterprise accounts,60,349.68,llama-3.1-8b-instant,"Write a short cold outreach email.

Company: Monday
Industry: Cybersecurity
Score: 60/100
Tone: friendly and value-focused
Pain point: Improving retention for new enterprise accounts

Rules:
- under 120 words
- personalized look
- no spammy language","Subject: Boosting Retention for Your Enterprise Accounts

Hi [Recipient's Name],

I came across Monday and was impressed with your approach to cybersecurity. I understand the challenges of managing new enterprise accounts and ensuring their long-term success. 

Our team at [Your Company] has helped numerous companies in the industry improve their retention rates by implementing robust security solutions. I'd love to schedule a call to discuss how we can specifically address your retention concerns for enterprise clients.

Would you be available for a 15-20 minute conversation next week?

Best regards,
[Your Name]"
29,Loom,Marketing Tech,Increasing expansion revenue from existing customers,80,339.29,llama-3.1-8b-instant,"Write a short cold outreach email.

Company: Loom
Industry: Marketing Tech
Score: 80/100
Tone: direct and high-confidence
Pain point: Increasing expansion revenue from existing customers

Rules:
- under 120 words
- personalized look
- no spammy language","Subject: Unlock Growth for Your Business with Loom

Hi [Decision Maker's Name],

I came across your company, [Company Name], and was impressed with your growth strategy. As you continue to expand, I'd like to share how Loom can help you unlock additional revenue streams from your existing customer base.

Our marketing tech platform enables seamless customer experiences, reducing churn and increasing expansion revenue. Would you be open to discussing how our solution can be tailored to meet your business goals?

Best regards,
[Your Name]
Loom Account Strategist"
30,Deel,Productivity Software,Re-engaging dormant trial users,80,619.99,llama-3.1-8b-instant,"Write a short cold outreach email.

Company: Deel
Industry: Productivity Software
Score: 80/100
Tone: direct and high-confidence
Pain point: Re-engaging dormant trial users

Rules:
- under 120 words
- personalized look
- no spammy language","Subject: Unlock Your Team's Productivity Potential with Deel

Hi [Recipient],

I'm reaching out from Deel, the all-in-one productivity platform that's transformed the way teams work and manage global workflows. I noticed you started a trial with us in [Timeframe], but unfortunately, you disconnected before exploring the full capabilities of our software.

I'd like to understand what stopped you from achieving your productivity goals. Could you spare 10 minutes to discuss how Deel can better support your team's needs? Your colleagues might be struggling with tasks like time tracking, expense reports, and compliance paperwork.

Let me know if you're ready to get back on track.

Best regards,
[Your Name]

Deel Team"
31,Ramp,SaaS / Tech,Improving user acquisition and onboarding,80,2579.76,llama-3.1-8b-instant,"Write a short cold outreach email.

Company: Ramp
Industry: SaaS / Tech
Score: 80/100
Tone: direct and high-confidence
Pain point: Improving user acquisition and onboarding

Rules:
- under 120 words
- personalized look
- no spammy language","Subject: Boosting Growth at Ramp

Hi [Decision Maker's Name],

I came across Ramp and was impressed with your team's focus on streamlining finance operations. However, I've noticed that user acquisition and onboarding could be more efficient, potentially hindering growth.

Our team at [Your Company] specializes in helping SaaS companies like yours scale their user base and streamline onboarding processes. We've delivered remarkable results for similar businesses, with a significant increase in conversions and a lower cost per acquisition.

Would you be open to exploring how we can help you accelerate growth?

Best, [Your Name]"
32,Coda,Fintech,Reducing churn during the first 30 days,80,2468.49,llama-3.1-8b-instant,"Write a short cold outreach email.

Company: Coda
Industry: Fintech
Score: 80/100
Tone: direct and high-confidence
Pain point: Reducing churn during the first 30 days

Rules:
- under 120 words
- personalized look
- no spammy language","Subject: Boost Fintech Customer Engagement with Proven Solutions

Dear [First Name],

As a fintech professional, you know that onboarding is a critical phase that makes or breaks customer retention. I came across [Company Name] and noticed you're on a mission to deliver exceptional financial experiences.

At Coda, we've worked with numerous fintech firms to reduce churn during the first 30 days by up to 50%. Our platform enables you to streamline workflows, automate tasks, and enhance user engagement. Would you be available for a 20-minute call to explore how Coda can help you achieve better customer outcomes?

Best, [Your Name]"
33,Attio,E-commerce Software,Driving more product-qualified leads,80,2549.6,llama-3.1-8b-instant,"Write a short cold outreach email.

Company: Attio
Industry: E-commerce Software
Score: 80/100
Tone: direct and high-confidence
Pain point: Driving more product-qualified leads

Rules:
- under 120 words
- personalized look
- no spammy language","Subject: Unlock More Qualified Leads for [Recipient's Company]

Hi [Recipient's Name],

I came across [Recipient's Company] while researching e-commerce leaders who are optimizing their sales funnels. Attio's software can help drive more product-qualified leads, ensuring your team focuses on deals that are a great fit for your products.

Our platform allows you to create custom product-based qualification criteria, automatically filtering out irrelevant leads and streamlining the sales process. Would you be interested in learning more about how Attio can help [Recipient's Company] achieve its e-commerce goals?

Best regards,
[Your Name]
Attio"
34,Apollo,Developer Tools,Increasing demo-to-trial conversion,60,2704.55,llama-3.1-8b-instant,"Write a short cold outreach email.

Company: Apollo
Industry: Developer Tools
Score: 60/100
Tone: friendly and value-focused
Pain point: Increasing demo-to-trial conversion

Rules:
- under 120 words
- personalized look
- no spammy language","Subject: Boost Your Demo-to-Trial Conversions

Hi [First Name],

I'm [Your Name], part of the Apollo team that's passionate about empowering developers like yourself to build high-performance apps.

We noticed that increasing demo-to-trial conversions has been an ongoing challenge at Apollo. We're not just talking about getting more demos done – we're talking about closing more trials and driving more value for your team.

Would you be open to a quick chat about our latest strategies and best practices to help take your demo-to-trial conversion rates to the next level? Hit reply or schedule a call with me this week.

Looking forward to connecting!

Best, 
[Your Name] - Apollo"
35,Gong,HR Tech,Improving activation for self-serve users,80,2504.59,llama-3.1-8b-instant,"Write a short cold outreach email.

Company: Gong
Industry: HR Tech
Score: 80/100
Tone: direct and high-confidence
Pain point: Improving activation for self-serve users

Rules:
- under 120 words
- personalized look
- no spammy language","Subject: Boost Activation for Self-Serve Users at Gong

Hi [First Name],

I came across Gong and noticed your team's great work in the HR Tech space. Our data indicates that your users could benefit from improved self-serve activation, which is a common challenge in the industry.

Our solution, [insert Gong feature/benefit here], has helped other companies streamline user onboarding and increase adoption rates by up to 30%. I'd love to schedule a call to discuss how we can help you achieve similar results at Gong.

Best regards,
[Your Name]

Note: Customize the email by replacing [First Name], [insert Gong feature/benefit here], and [Your Name] with actual values from your research."
36,Outreach,Health Tech,Scaling outbound personalization without manual research,80,2515.91,llama-3.1-8b-instant,"Write a short cold outreach email.

Company: Outreach
Industry: Health Tech
Score: 80/100
Tone: direct and high-confidence
Pain point: Scaling outbound personalization without manual research

Rules:
- under 120 words
- personalized look
- no spammy language","Subject: Unlock Personalized Outreach at Scale with Outreach

Dear [Decision Maker's Name],

I came across [Company Name] and was impressed by your work in [specific area of interest]. However, I noticed that as you continue to grow, scaling personalized outreach to your target audience becomes a significant challenge.

That's where we come in. Our platform empowers companies like yours to automate manual research and connect with key decision-makers at scale. We've helped numerous Health Tech leaders achieve a 30% higher engagement rate and close more deals.

I'd love to discuss how Outreach can help [Company Name] overcome this hurdle and drive business growth. Would you be open to a quick call?

Looking forward to hearing from you.

Best regards,
[Your Name]
[Your Company]"
37,OpenPhone,EdTech,Shortening sales cycles for mid-market prospects,80,2835.14,llama-3.1-8b-instant,"Write a short cold outreach email.

Company: OpenPhone
Industry: EdTech
Score: 80/100
Tone: direct and high-confidence
Pain point: Shortening sales cycles for mid-market prospects

Rules:
- under 120 words
- personalized look
- no spammy language","Subject: Boost Your Sales Efficiency with OpenPhone

Dear [Recipient's Name],

I came across [Company Name] and noticed the excellent work you're doing in EdTech. I'm the growth strategist at OpenPhone, where we've helped numerous mid-market businesses like yours streamline their sales processes.

Our data-driven approach and seamless integrations enable teams to shorten sales cycles, closing more deals in less time. By leveraging OpenPhone's platform, you can improve sales productivity and ultimately drive revenue growth.

I'd love to discuss how we can help you achieve your sales goals. Would you be open to a quick call to explore further?

Best regards,
[Your Name]"
38,Typeform,Cybersecurity,Improving retention for new enterprise accounts,60,2470.92,llama-3.1-8b-instant,"Write a short cold outreach email.

Company: Typeform
Industry: Cybersecurity
Score: 60/100
Tone: friendly and value-focused
Pain point: Improving retention for new enterprise accounts

Rules:
- under 120 words
- personalized look
- no spammy language","Subject: Boosting Enterprise Onboarding at Typeform

Hi [Decision Maker's Name],

I came across Typeform's innovative work in the cybersecurity space and was impressed by your commitment to protecting sensitive data. As someone who's been following the industry, I'm aware of the common challenges new enterprise accounts face in retaining customers.

I'd love to discuss how our expertise in improving onboarding experiences can help Typeform reduce churn rates and foster longer-term partnerships. Would you be open to a quick call to explore this further?

Best regards,
[Your Name]"
39,Calendly,Marketing Tech,Increasing expansion revenue from existing customers,80,2497.04,llama-3.1-8b-instant,"Write a short cold outreach email.

Company: Calendly
Industry: Marketing Tech
Score: 80/100
Tone: direct and high-confidence
Pain point: Increasing expansion revenue from existing customers

Rules:
- under 120 words
- personalized look
- no spammy language","Subject: Unlock Expansion Revenue Potential with Calendly

Hi [First Name],

As a valued existing customer of Calendly, I'd like to discuss an opportunity to grow your revenue even further with us. I've taken a look at your account, and I believe we can help you increase expansion revenue through a more efficient scheduling and meeting workflow.

Would you be open to a personalized call to explore how we can help you take your business to the next level? I'd appreciate the chance to discuss further and answer any questions you may have.

Best regards,
[Your Name]
[Your Title]"
40,Notable,Productivity Software,Re-engaging dormant trial users,80,2742.93,llama-3.1-8b-instant,"Write a short cold outreach email.

Company: Notable
Industry: Productivity Software
Score: 80/100
Tone: direct and high-confidence
Pain point: Re-engaging dormant trial users

Rules:
- under 120 words
- personalized look
- no spammy language","Subject: Unlock Your Productivity Potential with Notable

Hi [Name],

As a fellow professional, I wanted to follow up on your recent trial of Notable's productivity software. Our research suggests that a significant percentage of trial users like you don't take full advantage of our features, ultimately missing out on increased efficiency and performance.

At Notable, we believe you have the potential to achieve more. Our intuitive platform is designed to streamline your workflow and help you reach your goals. Let's work together to optimize your productivity. I'd be happy to schedule a call to discuss your specific needs and provide a tailored demo.

Best regards,
[Your Name]
Notable Team"
41,Pendo,SaaS / Tech,Improving user acquisition and onboarding,80,2659.89,llama-3.1-8b-instant,"Write a short cold outreach email.

Company: Pendo
Industry: SaaS / Tech
Score: 80/100
Tone: direct and high-confidence
Pain point: Improving user acquisition and onboarding

Rules:
- under 120 words
- personalized look
- no spammy language","Subject: Boost User Acquisition and Onboarding with Pendo

Hi [Recipient's Name],

I came across [Company Name] and noticed you're tackling a competitive space. As a leader in user experience, I believe Pendo can help address key pain points – improving user acquisition and onboarding. 

Our platform enables data-driven product decisions, providing actionable insights to fuel targeted campaigns and seamless onboarding processes. 

Would you be open to a 20-minute call to explore how Pendo can accelerate your growth? I'd be happy to schedule a time that suits you.

Best regards,
[Your Name]"
42,Drata,Fintech,Reducing churn during the first 30 days,80,2454.28,llama-3.1-8b-instant,"Write a short cold outreach email.

Company: Drata
Industry: Fintech
Score: 80/100
Tone: direct and high-confidence
Pain point: Reducing churn during the first 30 days

Rules:
- under 120 words
- personalized look
- no spammy language","Subject: Boost User Engagement in the First 30 Days

Hi [Recipient's Name],

I came across your name at [Company's Name] and was impressed by your innovative approach to fintech solutions. I'm reaching out from Drata, a platform that helps businesses reduce churn through real-time user behavior insights.

I understand the challenges of retaining customers during the initial onboarding period. By leveraging our analytics, you can identify engagement gaps and tailor your approach to meet their needs.

Let's discuss how Drata can help increase user satisfaction and retention rates. I'd appreciate 15 minutes to walk you through our solution.

Best regards,
[Your Name]"
43,PostHog,E-commerce Software,Driving more product-qualified leads,80,2512.9,llama-3.1-8b-instant,"Write a short cold outreach email.

Company: PostHog
Industry: E-commerce Software
Score: 80/100
Tone: direct and high-confidence
Pain point: Driving more product-qualified leads

Rules:
- under 120 words
- personalized look
- no spammy language","Subject: Unlock Hidden Revenue with Data-Driven Growth

Hi [Decision Maker's Name],

I've been reviewing PostHog's e-commerce software, and I noticed an opportunity to drive more product-qualified leads. With your focus on [specific feature or use case], I believe integrating behavioral analytics can improve user engagement and reduce friction in the conversion process.

I'd love to schedule a call to discuss how our platform can help increase revenue for PostHog users. Our customers have seen an average uplift of [X] in product-qualified leads. Let me know if you're interested, and we can schedule a time that works for you.

Best regards,
[Your Name]"
44,Supabase,Developer Tools,Increasing demo-to-trial conversion,60,2446.6,llama-3.1-8b-instant,"Write a short cold outreach email.

Company: Supabase
Industry: Developer Tools
Score: 60/100
Tone: friendly and value-focused
Pain point: Increasing demo-to-trial conversion

Rules:
- under 120 words
- personalized look
- no spammy language","Subject: Take Your Supabase Demos to the Next Level

Hi [Developer Name],

I came across Supabase and was impressed with the innovative developer tools you're offering. Our team at [Your Company] has expertise in helping companies like yours boost demo-to-trial conversion rates.

We've seen significant improvements in our clients' funnel optimization through personalized engagement and strategic messaging. I'd love to explore how we can do the same for Supabase.

Would you be open to a quick call to discuss further? I'm excited about the potential to support your growth.

Best regards,
[Your Name]"
45,Replit,HR Tech,Improving activation for self-serve users,80,2488.16,llama-3.1-8b-instant,"Write a short cold outreach email.

Company: Replit
Industry: HR Tech
Score: 80/100
Tone: direct and high-confidence
Pain point: Improving activation for self-serve users

Rules:
- under 120 words
- personalized look
- no spammy language","Subject: Simplifying User Activation at Replit

Hi [Hiring Manager's Name], 

I came across Replit's mission to power collaborative coding experiences, and it caught my attention. Our team at [Your Company Name] has helped several HR tech companies streamline user engagement, particularly for self-serve users.

At [Your Company Name], we've developed an effective strategy to boost user activation through contextual, personalized onboarding. Our solution has shown significant results in user retention and growth. 

If improving self-serve user activation is a priority at Replit, we'd love to discuss how our expertise can help. Would you be available for a quick call to explore this further?

Best, 
[Your Name]"
46,Anthropic,Health Tech,Scaling outbound personalization without manual research,80,2570.99,llama-3.1-8b-instant,"Write a short cold outreach email.

Company: Anthropic
Industry: Health Tech
Score: 80/100
Tone: direct and high-confidence
Pain point: Scaling outbound personalization without manual research

Rules:
- under 120 words
- personalized look
- no spammy language","Subject: Unlock Personalized Engagement at Scale with Anthropic

Dear [Recipient's Name],

I came across your work at [Company Name] and was impressed by your commitment to revolutionizing [industry/field]. As someone who's been driving growth at Anthropic, I've noticed that teams like yours often struggle to scale personalized engagement without manual research.

Our platform is designed to bridge that gap, using AI-driven tools to automatically personalize and optimize outbound communications. I believe our solution could be a game-changer for your team, and I'd love to discuss how it can help you achieve your goals.

Best regards,
[Your Name]
Anthropic Team"
47,Perplexity,EdTech,Shortening sales cycles for mid-market prospects,80,2503.82,llama-3.1-8b-instant,"Write a short cold outreach email.

Company: Perplexity
Industry: EdTech
Score: 80/100
Tone: direct and high-confidence
Pain point: Shortening sales cycles for mid-market prospects

Rules:
- under 120 words
- personalized look
- no spammy language","Subject: Efficient Sales Cycles for Mid-Market Education Clients

Dear [Decision Maker's Name],

I came across Perplexity and recognized an opportunity to enhance your sales processes. At our company, we specialize in EdTech solutions that cater to the unique needs of mid-market education clients.

I'd like to discuss our solution, designed specifically to shorten sales cycles by [insert specific metric or benefit]. Our approach has already shown promising results with similar clients in the past.

If you're interested in exploring ways to optimize your sales workflow and unlock new opportunities, I'd appreciate the chance to set up a call. Let me know if this is something you'd be open to.

Best regards,
[Your Name]"
48,Carta,Cybersecurity,Improving retention for new enterprise accounts,60,2387.48,llama-3.1-8b-instant,"Write a short cold outreach email.

Company: Carta
Industry: Cybersecurity
Score: 60/100
Tone: friendly and value-focused
Pain point: Improving retention for new enterprise accounts

Rules:
- under 120 words
- personalized look
- no spammy language","Subject: Boosting Retention with Strategic Engagement

Hi [Recipient's Name],

I came across Carta and was impressed by your innovative approach to cybersecurity. I'd love to discuss how we can help you build stronger relationships with your new enterprise accounts.

Our research suggests that timely engagement can significantly improve customer retention rates. We've worked with similar companies in the industry and seen firsthand the impact of targeted outreach on long-term relationships.

If you're interested in exploring ways to enhance your customer experience and retention, I'd be happy to schedule a call to discuss further.

Best regards,
[Your Name]"
49,Clari,Marketing Tech,Increasing expansion revenue from existing customers,80,2467.41,llama-3.1-8b-instant,"Write a short cold outreach email.

Company: Clari
Industry: Marketing Tech
Score: 80/100
Tone: direct and high-confidence
Pain point: Increasing expansion revenue from existing customers

Rules:
- under 120 words
- personalized look
- no spammy language","Subject: Unlock Hidden Growth Opportunities with Clari

Dear [Decision Maker's Name],

I'm reaching out from Clari, the leading platform for Sales and Revenue Operations. As someone responsible for driving growth at [Company Name], I noticed that you're doing great work with an 80/100 customer success score.

However, existing customers hold the key to accelerated expansion. I'd love to explore how Clari can help you identify and close more upsell and cross-sell opportunities. Let's discuss a tailored strategy to take your customer revenue to the next level.

Looking forward to speaking with you.

Best regards,
[Your Name]
[Your Title]
Clari"
50,Salesloft,Productivity Software,Re-engaging dormant trial users,80,2491.22,llama-3.1-8b-instant,"Write a short cold outreach email.

Company: Salesloft
Industry: Productivity Software
Score: 80/100
Tone: direct and high-confidence
Pain point: Re-engaging dormant trial users

Rules:
- under 120 words
- personalized look
- no spammy language","Subject: Boost Performance with Salesloft

Dear [Name],

As the [Role] at [Company], I understand the importance of optimizing sales outreach strategy to maximize productivity.

Your company, [Company], was identified as a high-potential candidate for Salesloft and took a trial of our software just [timeframe] ago. However, we've lost touch since then. I'd like to personally reach out and determine how we can help unlock the full potential of your sales team with Salesloft.

Is there anything we can do to re-ignite your trial and make Salesloft a seamless part of your operations?

Best regards,
[Your Name]"
51,Cloudflare,SaaS / Tech,Improving user acquisition and onboarding,80,2827.82,llama-3.1-8b-instant,"Write a short cold outreach email.

Company: Cloudflare
Industry: SaaS / Tech
Score: 80/100
Tone: direct and high-confidence
Pain point: Improving user acquisition and onboarding

Rules:
- under 120 words
- personalized look
- no spammy language","Subject: Optimizing User Acquisition & Onboarding for Your Business

Dear [Recipient's Name],

I came across your work in the security industry and was impressed by Cloudflare's innovative solutions. However, as you expand, I understand that improving user acquisition and onboarding can be a significant challenge.

Our team at [Your Company Name] has extensive experience in driving business growth through targeted strategies. We've achieved notable success for companies in the SaaS space, similar to yours.

Would you be open to a conversation about our approach and how it can help you enhance your onboarding process and drive user engagement? I'd be happy to schedule a call at your convenience.

Best regards,
[Your Name]"
52,Twilio,Fintech,Reducing churn during the first 30 days,80,2454.19,llama-3.1-8b-instant,"Write a short cold outreach email.

Company: Twilio
Industry: Fintech
Score: 80/100
Tone: direct and high-confidence
Pain point: Reducing churn during the first 30 days

Rules:
- under 120 words
- personalized look
- no spammy language","Subject: Optimizing Your Fintech Customer Journey with Twilio

Hi [Decision Maker's Name],

I came across [Company Name] in our industry mapping and noticed that you're building innovative solutions for the fintech space. Reducing churn during the first 30 days is crucial for long-term success.

Twilio's communication platform can help you deliver personalized experiences, enabling timely onboarding and reducing friction. Our clients have seen significant decreases in early-stage churn. I'd love to discuss how we can support your growth strategy.

Best regards,
[Your Name]"
53,Okta,E-commerce Software,Driving more product-qualified leads,80,2493.78,llama-3.1-8b-instant,"Write a short cold outreach email.

Company: Okta
Industry: E-commerce Software
Score: 80/100
Tone: direct and high-confidence
Pain point: Driving more product-qualified leads

Rules:
- under 120 words
- personalized look
- no spammy language","Subject: Unlock Seamless Growth with Okta's Commerce Solution

Hi [Recipient's Name],

I came across [Company Name] while researching innovative e-commerce software providers like yours. As someone who understands the importance of secure and streamlined commerce experiences, I thought you'd appreciate learning about Okta's tailored solutions.

We've helped numerous companies like yours drive more product-qualified leads by simplifying customer onboarding and reducing friction. By integrating Okta's advanced authentication and authorization capabilities, you can focus on delivering exceptional customer experiences while amplifying sales pipeline growth.

I'd love to schedule a quick discussion to explore how Okta can help [Company Name] thrive in the competitive e-commerce landscape.

Looking forward to hearing from you.

Best regards,
[Your Name]"
54,Maven,Developer Tools,Increasing demo-to-trial conversion,60,2541.08,llama-3.1-8b-instant,"Write a short cold outreach email.

Company: Maven
Industry: Developer Tools
Score: 60/100
Tone: friendly and value-focused
Pain point: Increasing demo-to-trial conversion

Rules:
- under 120 words
- personalized look
- no spammy language","Subject: Boost Your Demo-to-Trial Conversions with Maven

Hi [Recipient's Name],

I came across [Company Name] and noticed you're using developer tools to streamline your workflows. I'd love to discuss how Maven can help bridge the gap in your demo-to-trial conversion rates.

Our tools are designed to empower developers, but our expertise can also help fine-tune your sales strategy. With Maven's proven strategies and expertise, you can transform demo conversations into successful trials that drive long-term business growth.

Let's schedule a quick call to explore your pain points and uncover how Maven can make a real difference?

Looking forward to connecting with you.

Best regards,
[Your Name]"
55,Teachable,HR Tech,Improving activation for self-serve users,80,2587.05,llama-3.1-8b-instant,"Write a short cold outreach email.

Company: Teachable
Industry: HR Tech
Score: 80/100
Tone: direct and high-confidence
Pain point: Improving activation for self-serve users

Rules:
- under 120 words
- personalized look
- no spammy language","Subject: Enhance User Adoption for Teachable's Self-Serve Users

Hi [Recipient's Name],

Our team at [Your Company Name] has been analyzing the self-serve user experience on Teachable. We noticed that a high activation score of 80/100 still leaves room for growth. We specialize in streamlining the onboarding process for HR Tech companies like Teachable.

Our solution can help increase user adoption, reduce churn, and improve overall user satisfaction. 
Would you be open to discussing how we can optimize your self-serve user experience and unlock further growth?

Looking forward to hearing from you.

Best regards,
[Your Name]"
56,Kajabi,Health Tech,Scaling outbound personalization without manual research,80,2655.87,llama-3.1-8b-instant,"Write a short cold outreach email.

Company: Kajabi
Industry: Health Tech
Score: 80/100
Tone: direct and high-confidence
Pain point: Scaling outbound personalization without manual research

Rules:
- under 120 words
- personalized look
- no spammy language","Subject: Unlock Your Health Tech Growth Potential

Hi [Prospect's Name],

As someone in the Health Tech industry, you know how challenging it is to scale your business while maintaining a personal approach to customers. At Kajabi, we've worked with numerous companies who've struggled to personalize their outreach without getting bogged down in manual research.

Our solution can help you streamline this process and deliver targeted campaigns to the right prospects at the right time. We'd love to explore how our platform can address your specific pain points and help you achieve your growth goals. Would you be open to a brief call to discuss further?

Best, [Your Name]"
57,Mural,EdTech,Shortening sales cycles for mid-market prospects,80,2670.85,llama-3.1-8b-instant,"Write a short cold outreach email.

Company: Mural
Industry: EdTech
Score: 80/100
Tone: direct and high-confidence
Pain point: Shortening sales cycles for mid-market prospects

Rules:
- under 120 words
- personalized look
- no spammy language","Subject: Accelerate Sales Cycles with Mural

Hi [Name],

As someone driving growth at [Company], I'm guessing you're no stranger to the challenges mid-market prospects pose. Long sales cycles, scattered stakeholder communications, and fragmented workflows make it tough to close deals efficiently.

Our clients have seen up to 60% reductions in sales cycles with Mural's all-in-one workspace platform. Its user adoption rates are among the highest in the industry, thanks to our intuitive collaboration features.

Would you like to schedule a conversation to explore how Mural can streamline your sales and customer engagement processes?

Best regards,
[Your Name]
Mural Team"
58,Lucid,Cybersecurity,Improving retention for new enterprise accounts,60,2573.85,llama-3.1-8b-instant,"Write a short cold outreach email.

Company: Lucid
Industry: Cybersecurity
Score: 60/100
Tone: friendly and value-focused
Pain point: Improving retention for new enterprise accounts

Rules:
- under 120 words
- personalized look
- no spammy language","Subject: Boost Retention with Lucid's Expert Insights

Dear [Decision Maker's Name],

I came across [Company Name] and was impressed by your commitment to innovation in cybersecurity. I'd like to share how Lucid's expertise can support your customer success efforts, particularly in retaining new enterprise accounts.

Our research shows that many companies struggle to meet the complex needs of large clients. Lucid's tailored solutions help you proactively address pain points, build long-term relationships, and drive sustained growth.

Would you be open to a quick call to explore how Lucid can help [Company Name] enhance customer retention and expand its presence in the market?

Best regards,
[Your Name]
Lucid Representative"
59,Deel Engage,Marketing Tech,Increasing expansion revenue from existing customers,80,2462.18,llama-3.1-8b-instant,"Write a short cold outreach email.

Company: Deel Engage
Industry: Marketing Tech
Score: 80/100
Tone: direct and high-confidence
Pain point: Increasing expansion revenue from existing customers

Rules:
- under 120 words
- personalized look
- no spammy language","Subject: Unlock Deel Engage's Full Potential with Expansion Strategies

Hi [Decision Maker's Name],

I came across Deel Engage and was impressed by your marketing tech offerings. As a [Your Company Role] at [Your Company Name], I understand the importance of maximizing growth from existing customers.

Our research indicates that Deel Engage has a strong foundation, scoring 80/100, with untapped potential for expansion revenue. We've helped similar companies achieve significant growth through tailored strategies and execution. 

I'd love to explore how we can help Deel Engage unlock its full potential. Would you be open to a quick call to discuss further?

Best regards,
[Your Name]"
60,Airbyte,Productivity Software,Re-engaging dormant trial users,80,2572.34,llama-3.1-8b-instant,"Write a short cold outreach email.

Company: Airbyte
Industry: Productivity Software
Score: 80/100
Tone: direct and high-confidence
Pain point: Re-engaging dormant trial users

Rules:
- under 120 words
- personalized look
- no spammy language","Subject: Re-engagement Opportunity for [Company Name]

Dear [Decision Maker's Name],

I'm reaching out from Airbyte, a productivity software that helps teams streamline data and workflows. Our data indicates that multiple users from [Company Name] activated a trial with us in the past but haven't been active lately.

We've made significant advancements in our platform, with new features aimed at increasing user engagement and productivity. We believe our software can help [Company Name] achieve its goals. I'd like to discuss potential options for re-engaging with our platform and explore how Airbyte can contribute to your success. Can we schedule a call to discuss further?

Best regards,
[Your Name]
Airbyte Team"
